1,Idalina,Vondrak,,Female,561-85-3125
2,Lani,Baukham,lbaukham1@bandcamp.com,Female,869-11-2698
3,Keely,Charte,,Female,852-38-2952
5,Alyda,Lippatt,alippatt4@aboutads.info,Female,280-80-7488
6,Ingaberg,Dugue,,Female,103-33-7655
8,Jeanne,Magnay,,Female,176-32-8990
16,Kania,Werndly,kwerndlyf@4shared.com,Female,515-56-6004
17,Louella,Bloxam,lbloxamg@cisco.com,Female,814-59-1140
19,Sheelagh,Broadey,sbroadeyi@bravesites.com,Female,617-98-6688
20,Simonette,Fulger,sfulgerj@ehow.com,Female,796-29-2855
21,Shaylyn,Brende,sbrendek@google.com.au,Female,814-43-6928
23,Yvette,Sansam,ysansamm@kickstarter.com,Female,806-29-2409
24,Olva,Laundon,,Female,169-69-6037
29,Britte,Zukerman,,Female,867-26-6116
32,Lorita,Gormally,,Female,668-41-5844
33,Josselyn,Bilton,jbiltonw@youku.com,Female,221-38-3161
34,Kiah,How,khowx@arizona.edu,Female,320-45-5037
39,Vikki,Pero,vpero12@usda.gov,Female,345-42-8661
40,Claudette,Ruppertz,,Female,885-37-1276
41,Alys,Hubbard,ahubbard14@google.com.br,Female,507-91-5041
43,Delphinia,Belford,dbelford16@xing.com,Female,793-77-4349
44,Karla,Domelow,kdomelow17@amazonaws.com,Female,798-08-7351
45,Rhodie,Micheu,,Female,738-52-6848
47,Nicolina,Ottawell,nottawell1a@sphinn.com,Female,325-11-9651
48,Harriette,Shobbrook,hshobbrook1b@posterous.com,Female,749-77-6667
52,Phyllis,Orehead,porehead1f@independent.co.uk,Female,798-20-6177
53,Julienne,Rosser,jrosser1g@squidoo.com,Female,620-51-9264
54,Jordain,Totman,jtotman1h@devhub.com,Female,174-10-8593
55,Klarrisa,Ridings,kridings1i@ftc.gov,Female,619-38-4911
60,Cynthie,Loody,cloody1n@arstechnica.com,Female,884-99-2803
62,April,Willgoose,,Female,426-68-1272
63,Pat,Loy,ploy1q@opera.com,Female,338-74-7504
64,Mirabella,Newvill,mnewvill1r@scribd.com,Female,134-22-2890
68,Ibbie,Sidle,isidle1v@plala.or.jp,Female,872-89-3725
71,Holli,Laughrey,hlaughrey1y@businesswire.com,Female,288-03-2175
72,Florida,Ellwell,fellwell1z@wsj.com,Female,463-49-5495
74,Korry,Tailby,,Female,520-57-5860
76,Adda,Shrieve,ashrieve23@gnu.org,Female,732-59-6192
79,Freddie,Pancast,fpancast26@huffingtonpost.com,Female,739-84-4186
80,Estelle,Boraston,eboraston27@youku.com,Female,503-59-3438
83,Ilise,Steagall,isteagall2a@phoca.cz,Female,697-08-1893
86,Bert,Stockin,bstockin2d@barnesandnoble.com,Female,226-45-8344
87,Konstanze,Compfort,kcompfort2e@topsy.com,Female,696-22-2775
88,Glen,Foulis,gfoulis2f@businessweek.com,Female,269-89-5235
90,Milzie,Jowers,mjowers2h@disqus.com,Female,830-29-0145
92,Amil,Kunc,akunc2j@jiathis.com,Female,187-12-6158
93,Ezmeralda,Haimes,ehaimes2k@ocn.ne.jp,Female,531-38-7150
95,Lucilia,Mathissen,lmathissen2m@wikia.com,Female,681-92-5446
96,Darline,Eisold,deisold2n@nationalgeographic.com,Female,776-07-7298
97,Harmonie,Watsham,hwatsham2o@hud.gov,Female,205-53-7473
98,Mickie,Basire,mbasire2p@pen.io,Female,603-32-1585
100,Odetta,Snadden,,Female,832-56-9615
102,Stacy,Houchen,shouchen2t@arizona.edu,Female,589-99-2226
104,Ceciley,Gillice,,Female,719-61-4268
107,Gladys,Pedycan,gpedycan2y@a8.net,Female,784-50-6355
112,Noni,Ivy,nivy33@examiner.com,Female,836-33-9428
113,Adella,Buck,abuck34@google.ru,Female,287-41-4632
118,Philippe,Dawby,pdawby39@howstuffworks.com,Female,671-34-0109
119,Dusty,Rothera,drothera3a@exblog.jp,Female,139-52-2104
120,Trudie,Arton,tarton3b@webnode.com,Female,226-49-7984
121,Esmeralda,Denisyev,edenisyev3c@unicef.org,Female,571-28-0862
122,Kelsey,Gregine,,Female,174-43-8801
124,Emelita,Boutcher,eboutcher3f@wikipedia.org,Female,749-33-1506
125,Avivah,Preece,apreece3g@mapquest.com,Female,477-99-3261
129,Viviyan,Imrie,vimrie3k@google.com.hk,Female,689-70-2402
131,Tiffy,Garn,tgarn3m@xinhuanet.com,Female,466-30-6500
133,Meggi,Hourihan,mhourihan3o@e-recht24.de,Female,460-36-7021
134,Rose,Itzakson,ritzakson3p@newyorker.com,Female,401-44-2454
136,Noelani,Devennie,ndevennie3r@toplist.cz,Female,526-15-4832
137,Lura,Daws,ldaws3s@sciencedaily.com,Female,640-57-9603
138,Aura,Jeschner,,Female,631-56-0540
139,Reta,Hebron,,Female,432-79-0005
140,Amber,Duggon,aduggon3v@blogs.com,Female,661-28-1223
144,Brunhilde,Holborn,bholborn3z@utexas.edu,Female,247-68-7693
148,Annice,Steers,asteers43@google.com.au,Female,181-95-2320
150,George,Mayhead,gmayhead45@baidu.com,Female,288-23-2632
151,Stormy,Bennike,sbennike46@alexa.com,Female,358-01-1978
152,Magdalena,Bradberry,mbradberry47@com.com,Female,169-64-9355
155,Enrika,Rojel,erojel4a@usa.gov,Female,634-75-6988
156,Mame,Holcroft,mholcroft4b@51.la,Female,511-44-3445
159,Hanni,Vina,,Female,785-60-9814
168,Laurianne,Marrow,lmarrow4n@mozilla.com,Female,707-65-4083
170,Erica,Buckle,,Female,577-43-0022
171,Genia,O'Dougherty,,Female,771-72-6817
176,Darelle,Tonkes,dtonkes4v@google.com,Female,610-12-5232
182,Othella,Gorry,ogorry51@adobe.com,Female,883-35-7698
187,Carmine,Stoner,cstoner56@forbes.com,Female,805-07-3139
191,Patrizia,Cowton,pcowton5a@eepurl.com,Female,654-40-4420
192,Amalie,Shadfourth,ashadfourth5b@google.de,Female,545-35-5268
193,Dredi,Scimoni,dscimoni5c@scribd.com,Female,223-12-9889
196,Zsazsa,Ayton,zayton5f@ifeng.com,Female,864-87-4928
197,Dotty,Barford,,Female,345-14-3110
198,Philis,Gibberd,pgibberd5h@zdnet.com,Female,320-03-7526
200,Amanda,Bingall,abingall5j@indiatimes.com,Female,303-55-3636
201,Rici,Nabbs,rnabbs5k@sakura.ne.jp,Female,806-45-7654
202,Jo-anne,Westoff,jwestoff5l@umich.edu,Female,214-61-3143
205,Mavra,Brosel,mbrosel5o@tinypic.com,Female,812-20-8307
207,Marna,Casaroli,mcasaroli5q@wordpress.com,Female,269-58-4530
210,Winona,Martschik,wmartschik5t@topsy.com,Female,216-03-8613
214,Crystal,Warcup,,Female,823-37-5580
216,Rosaline,Jannaway,rjannaway5z@imgur.com,Female,356-76-6087
217,Dianne,Shaplin,dshaplin60@samsung.com,Female,283-28-5932
218,Florie,Moorcraft,fmoorcraft61@youku.com,Female,874-37-2943
220,Dee dee,Dorot,ddorot63@mlb.com,Female,294-89-8887
221,Mary,Joul,mjoul64@furl.net,Female,749-22-5216
222,Lorena,Alessandretti,lalessandretti65@canalblog.com,Female,686-51-4899
223,Faustina,Gainsbury,fgainsbury66@hc360.com,Female,447-89-3024
224,Eloisa,Doick,edoick67@cmu.edu,Female,824-02-6375
227,Corene,Lamball,,Female,574-78-4184
230,Gerladina,Mildmott,gmildmott6d@163.com,Female,703-54-1079
232,Veriee,De Meyer,vdemeyer6f@phpbb.com,Female,189-01-7326
239,Cassey,Wennington,cwennington6m@storify.com,Female,610-75-3356
244,Anita,Leethem,aleethem6r@artisteer.com,Female,345-62-9163
246,Florentia,Ramard,framard6t@fotki.com,Female,415-18-2160
250,Karlyn,Spurden,,Female,179-61-3995
252,Eolanda,Paulus,epaulus6z@dedecms.com,Female,724-26-2369
253,Katrina,Unworth,kunworth70@discovery.com,Female,847-35-2560
254,Roseann,Berk,rberk71@ihg.com,Female,333-92-3733
259,Simona,Godlee,sgodlee76@so-net.ne.jp,Female,308-02-6363
263,Dalila,Michelin,,Female,329-89-7704
265,Gilbertina,Lathan,glathan7c@51.la,Female,702-88-6832
266,Randee,Bedboro,rbedboro7d@jalbum.net,Female,320-71-4716
268,Analise,Boutellier,aboutellier7f@pen.io,Female,778-54-1254
273,Ester,Birchett,ebirchett7k@archive.org,Female,606-14-8393
274,Nollie,Krugmann,nkrugmann7l@thetimes.co.uk,Female,811-85-5639
277,Mia,Clemson,mclemson7o@t-online.de,Female,551-80-7750
279,Astrix,Andino,aandino7q@over-blog.com,Female,423-80-2442
281,Aurelea,Commucci,acommucci7s@dot.gov,Female,344-15-8907
283,Chanda,O'Scannill,coscannill7u@ibm.com,Female,630-47-5452
290,Cordy,Mc Caghan,cmccaghan81@slate.com,Female,684-93-1197
294,Dani,Dawe,ddawe85@prlog.org,Female,542-75-8706
295,Sande,Cisneros,scisneros86@engadget.com,Female,748-80-8961
296,Cordie,O' Connell,coconnell87@webnode.com,Female,840-62-2077
298,Daniele,Capehorn,dcapehorn89@chron.com,Female,409-77-0107
301,Gabbey,Bonsale,gbonsale8c@businessweek.com,Female,672-91-3538
305,Corina,Colgrave,ccolgrave8g@biblegateway.com,Female,272-08-0689
306,Romona,Cafe,rcafe8h@java.com,Female,891-68-1055
307,Ileane,Thorsby,,Female,170-27-7241
308,Meredithe,Bealton,mbealton8j@ning.com,Female,607-19-6084
315,Legra,Scanlin,,Female,472-34-8254
316,Britt,Kuhlen,,Female,745-17-9650
317,Mellie,Murt,mmurt8s@wikimedia.org,Female,517-53-5880
319,Kenna,Freire,kfreire8u@mysql.com,Female,788-26-3825
324,Adena,Fibbit,afibbit8z@fc2.com,Female,594-07-9007
326,Ramonda,Trustey,,Female,790-06-8027
327,Correna,Burgett,cburgett92@guardian.co.uk,Female,211-55-6536
329,Trudi,Kibby,tkibby94@nature.com,Female,778-35-9721
330,Micky,Marian,mmarian95@phoca.cz,Female,191-94-9314
331,Claude,Braybrookes,cbraybrookes96@blinklist.com,Female,812-64-9156
333,Madeline,Astman,mastman98@archive.org,Female,704-26-0560
334,Myrtle,Kingscote,mkingscote99@amazonaws.com,Female,696-54-0851
335,Berni,Clendening,bclendening9a@illinois.edu,Female,786-84-8262
336,Roseanna,Jouen,rjouen9b@walmart.com,Female,166-97-1935
338,Vivianne,Olphert,volphert9d@yolasite.com,Female,581-04-2162
339,Minerva,Lorriman,mlorriman9e@icq.com,Female,358-79-4052
340,Lorrayne,Levings,llevings9f@mashable.com,Female,610-13-5516
341,Dyanne,Waymont,dwaymont9g@infoseek.co.jp,Female,365-14-6047
345,Esmaria,Feltham,efeltham9k@xing.com,Female,868-71-3631
347,Aggie,Sweating,asweating9m@mayoclinic.com,Female,711-99-7143
350,Celestia,Cadalleder,ccadalleder9p@reuters.com,Female,579-70-5162
355,Linnell,Springford,lspringford9u@comcast.net,Female,395-13-8328
357,Minny,Fould,,Female,646-76-7056
360,Katha,Rosendahl,krosendahl9z@shutterfly.com,Female,488-08-3118
361,Nicki,Scrimgeour,nscrimgeoura0@zimbio.com,Female,404-82-0097
364,Lissa,Emlen,,Female,440-53-1749
366,Vonny,Cowlishaw,,Female,884-60-7215
367,Cesya,Biscomb,cbiscomba6@de.vu,Female,183-18-2001
368,Brinn,Pritchard,,Female,361-13-2623
369,Devina,Iacofo,diacofoa8@constantcontact.com,Female,398-63-7794
370,Bettine,Clapton,,Female,775-37-7061
372,Melisent,Easterbrook,measterbrookab@google.ca,Female,235-99-0579
375,Dannie,Edlyne,,Female,215-77-8354
384,Maggi,Keson,mkesonan@omniture.com,Female,546-19-0936
386,Leanora,Swatten,lswattenap@samsung.com,Female,546-50-3800
387,Lynelle,Guntrip,lguntripaq@canalblog.com,Female,462-83-6289
390,Hendrika,Cabedo,hcabedoat@toplist.cz,Female,226-32-4876
393,Lexie,Shetliff,lshetliffaw@barnesandnoble.com,Female,349-54-9212
395,Rosa,Hoofe,rhoofeay@columbia.edu,Female,369-01-4532
402,Gertie,Ugolini,gugolinib5@histats.com,Female,243-65-4162
403,Devin,Richings,drichingsb6@google.pl,Female,179-84-2985
404,Oralle,Elijahu,oelijahub7@skype.com,Female,638-08-6062
405,Harriette,Tarling,htarlingb8@wunderground.com,Female,303-03-7605
410,Mandi,Rotherham,mrotherhambd@arizona.edu,Female,257-27-6364
411,Alissa,Yule,,Female,321-91-3205
417,Cyb,Jeannaud,cjeannaudbk@engadget.com,Female,755-75-6716
420,Madelle,Matveichev,mmatveichevbn@t.co,Female,152-30-5083
421,Natalya,Wreath,,Female,641-43-8328
422,Etheline,Keesman,ekeesmanbp@amazonaws.com,Female,159-17-1790
423,Katusha,Gillard,kgillardbq@mashable.com,Female,498-31-5517
433,Briney,Hrishanok,bhrishanokc0@eepurl.com,Female,856-12-1850
435,Bianka,Benazet,,Female,896-91-5328
436,Alysa,Barcroft,,Female,406-57-2362
437,Cayla,Lawson,clawsonc4@bravesites.com,Female,118-70-2527
439,Ansley,Loseke,alosekec6@gizmodo.com,Female,647-76-4128
441,Rickie,Tungay,rtungayc8@spiegel.de,Female,202-63-2304
444,Nikki,Hulk,,Female,756-01-5066
445,Minnnie,Trollope,mtrollopecc@sitemeter.com,Female,646-90-7934
447,Jobina,Veighey,jveigheyce@hubpages.com,Female,670-19-1085
449,Rozalie,Kinsett,rkinsettcg@blogspot.com,Female,680-13-3435
450,Tresa,Streeton,tstreetonch@discuz.net,Female,689-16-1476
451,Melicent,Maroney,mmaroneyci@paginegialle.it,Female,575-96-6424
452,Vernice,Titheridge,vtitheridgecj@51.la,Female,486-03-3754
454,Eva,Pregal,epregalcl@taobao.com,Female,877-63-3460
456,Alysa,Simpole,asimpolecn@whitehouse.gov,Female,835-04-2454
457,Lori,Land,llandco@yolasite.com,Female,519-03-6147
459,Orly,Daffey,,Female,259-19-9574
461,Catherine,Tomini,ctominics@simplemachines.org,Female,525-79-1840
462,Shayne,Key,,Female,431-61-3401
463,Lola,Falkingham,,Female,390-11-2832
464,Tallie,Coult,tcoultcv@networksolutions.com,Female,163-40-5838
465,Avie,Creffield,acreffieldcw@soundcloud.com,Female,602-37-7868
467,Pamelina,Hoggan,phoggancy@xinhuanet.com,Female,213-71-0417
468,Esme,Dyers,edyerscz@house.gov,Female,776-21-2223
469,Cathie,Newband,cnewbandd0@woothemes.com,Female,174-19-9205
471,Catha,Spancock,cspancockd2@dagondesign.com,Female,280-75-9474
472,Lanie,Renshall,lrenshalld3@barnesandnoble.com,Female,672-73-1233
479,Britte,Batterson,,Female,517-45-9109
480,Berna,Filewood,,Female,308-24-0907
486,Concettina,Dellow,cdellowdh@blogs.com,Female,529-88-9393
487,Zorah,Goff,,Female,890-61-2762
489,Julee,Douberday,,Female,445-08-7862
490,Daryl,Pleager,dpleagerdl@over-blog.com,Female,540-21-9972
493,Filide,Falco,ffalcodo@archive.org,Female,752-17-2770
494,Deana,Bonner,dbonnerdp@joomla.org,Female,791-46-3878
496,Cordula,Yard,cyarddr@blogtalkradio.com,Female,673-10-3799
497,Ronalda,Garbott,,Female,769-20-3909
498,Guenevere,Di Iorio,,Female,520-49-4894
499,Nadya,Groll,ngrolldu@w3.org,Female,760-03-8707
500,Danyette,Clamo,,Female,223-74-5819
501,Leelah,Heistermann,lheistermanndw@technorati.com,Female,222-92-3023
503,Mollie,Garey,mgareydy@reddit.com,Female,766-24-2641
504,Angelika,Satcher,asatcherdz@goo.gl,Female,674-44-5630
506,Magdalene,Castle,mcastlee1@forbes.com,Female,131-93-5414
507,Stefa,Yaakov,syaakove2@cam.ac.uk,Female,371-13-9721
511,Dalia,Gillivrie,dgillivriee6@squidoo.com,Female,395-10-9770
519,Verile,Geldeford,vgeldefordee@ovh.net,Female,801-17-9747
523,Latisha,Coldbath,,Female,365-85-5794
531,Adina,Pickard,apickardeq@jigsy.com,Female,228-47-7746
535,Rita,McDill,rmcdilleu@hc360.com,Female,404-89-5599
536,Yasmin,Sterre,ysterreev@51.la,Female,496-20-8911
537,Kippie,McGirr,kmcgirrew@skyrock.com,Female,189-14-0798
538,Lyda,Grigorian,lgrigorianex@1und1.de,Female,431-72-1486
543,Lauraine,Limeburner,,Female,817-21-6623
545,Theo,Akett,,Female,504-58-1694
546,Gertrudis,Camblin,gcamblinf5@hao123.com,Female,339-48-7032
550,Danice,Baccus,,Female,226-95-7736
552,Carlyn,Perren,,Female,752-83-0536
555,Cora,Strangeways,cstrangewaysfe@jalbum.net,Female,199-38-0284
556,Trix,Leyban,,Female,159-82-6699
558,Morgan,Tweedlie,,Female,804-51-6045
560,Claude,Tolcharde,ctolchardefj@dell.com,Female,138-04-6596
563,Ysabel,Cardillo,ycardillofm@wikispaces.com,Female,787-88-8726
566,Marje,Peasegod,mpeasegodfp@shop-pro.jp,Female,664-87-8027
571,Ethel,Felipe,efelipefu@nih.gov,Female,764-25-6137
573,Carri,Whicher,cwhicherfw@xinhuanet.com,Female,412-11-8854
577,Celine,Biesterfeld,cbiesterfeldg0@samsung.com,Female,318-54-1975
578,Constantia,Donnellan,cdonnellang1@wix.com,Female,122-31-3852
579,Merna,Cough,,Female,629-85-0231
582,Aretha,Jukes,ajukesg5@cnet.com,Female,204-26-5917
584,Darla,MacIlraith,dmacilraithg7@oakley.com,Female,444-84-5691
585,Fallon,Risdale,frisdaleg8@auda.org.au,Female,206-84-8373
586,Filippa,O'Loughnan,foloughnang9@biblegateway.com,Female,182-77-1708
587,Sabina,McNair,smcnairga@nhs.uk,Female,352-33-8230
592,Dorelia,Maase,dmaasegf@auda.org.au,Female,119-18-5091
605,Audrye,Zywicki,azywickigs@barnesandnoble.com,Female,245-36-5139
607,Glory,Klimecki,,Female,723-54-8147
612,Elianora,Croydon,,Female,831-80-7838
614,Myrlene,Bellie,mbellieh1@xrea.com,Female,781-69-2270
615,Caria,Woodward,cwoodwardh2@cafepress.com,Female,432-91-3855
617,Margarethe,Gouldstraw,mgouldstrawh4@wsj.com,Female,261-81-6730
621,Chloris,Merriott,cmerriotth8@mapquest.com,Female,711-08-5356
630,Rasia,Lyptrade,rlyptradehh@cnbc.com,Female,429-16-2388
631,Louise,Vasovic,lvasovichi@mac.com,Female,569-83-5003
634,Suzann,Kummerlowe,skummerlowehl@illinois.edu,Female,702-84-7745
635,Shayna,Cussons,scussonshm@nymag.com,Female,188-09-3104
641,Yettie,Fairey,yfaireyhs@springer.com,Female,893-06-9020
643,Ricky,Zanettini,rzanettinihu@delicious.com,Female,494-58-2987
644,Kaitlyn,Defries,,Female,881-34-9643
648,Kassi,Leathem,kleathemhz@technorati.com,Female,670-93-5418
651,Margarita,Banbrigge,mbanbriggei2@europa.eu,Female,332-23-0400
652,Lani,Astbury,lastburyi3@stanford.edu,Female,464-66-5035
656,Issy,Laboune,ilabounei7@woothemes.com,Female,556-51-4541
657,Aryn,Corran,,Female,428-86-8442
660,Ashly,Maydway,amaydwayib@google.com.au,Female,557-55-6842
661,Idell,Rutherfoord,irutherfoordic@blog.com,Female,251-53-0478
662,Karin,Schapiro,,Female,622-92-7990
663,Sharia,Wykey,swykeyie@amazon.de,Female,360-19-7877
664,Lonni,Pearne,lpearneif@dedecms.com,Female,330-76-0179
666,Jillayne,Luggar,jluggarih@geocities.com,Female,382-33-3764
668,Tiffany,Vanini,tvaniniij@php.net,Female,187-18-5118
673,Tallie,Polglaze,tpolglazeio@reverbnation.com,Female,483-85-9414
674,Dru,Duffus,dduffusip@businesswire.com,Female,844-14-7739
678,Peggi,Dietmar,pdietmarit@blogger.com,Female,726-95-7462
679,Ailyn,Shewon,ashewoniu@weibo.com,Female,670-69-6695
680,Marlene,Orbon,morboniv@buzzfeed.com,Female,702-97-8933
686,Karine,Heisler,kheislerj1@si.edu,Female,827-56-0100
689,Seline,Ashleigh,sashleighj4@home.pl,Female,637-35-8205
694,Mei,Winterscale,mwinterscalej9@miitbeian.gov.cn,Female,852-30-5193
695,Blancha,Killoran,bkilloranja@umich.edu,Female,261-19-4373
698,Annabal,Zeplin,azeplinjd@e-recht24.de,Female,459-22-1502
699,Alyson,Haxby,ahaxbyje@huffingtonpost.com,Female,846-67-3283
703,Cacilia,Tidbury,ctidburyji@foxnews.com,Female,732-74-4287
704,Avril,Greenside,agreensidejj@tamu.edu,Female,729-82-5679
707,Else,Josuweit,ejosuweitjm@paginegialle.it,Female,415-24-9074
712,Stacy,Czajka,,Female,372-30-2871
713,Romola,Frangione,rfrangionejs@baidu.com,Female,185-26-3278
715,Jania,Caile,jcaileju@ed.gov,Female,809-22-7815
716,Chere,Quarrell,cquarrelljv@techcrunch.com,Female,346-05-2983
718,Gwenny,Mawhinney,gmawhinneyjx@blogs.com,Female,149-02-6354
721,Coreen,Shave,cshavek0@japanpost.jp,Female,744-25-5743
725,Becki,Nenci,bnencik4@miibeian.gov.cn,Female,586-88-1860
728,Estel,Mugridge,,Female,361-64-6145
730,Alethea,Kolakowski,akolakowskik9@ed.gov,Female,347-67-7530
733,Vilhelmina,Sissland,vsisslandkc@chronoengine.com,Female,312-42-9325
736,Halley,Stump,hstumpkf@npr.org,Female,530-38-1289
738,Zonda,Llewellyn,zllewellynkh@w3.org,Female,588-34-3591
741,Timmie,Donnell,tdonnellkk@cnn.com,Female,108-05-3336
742,Pammie,Cokly,pcoklykl@bloglovin.com,Female,640-71-3834
745,Gabriel,Hadlee,ghadleeko@bigcartel.com,Female,667-56-8657
751,Erin,Carmen,ecarmenku@google.es,Female,896-99-0786
752,Moira,Suthworth,msuthworthkv@thetimes.co.uk,Female,493-10-5656
753,Hildagarde,Mordy,,Female,242-46-2565
754,Cleopatra,Gowling,cgowlingkx@photobucket.com,Female,653-39-4780
756,Catherine,Blakeman,cblakemankz@wordpress.com,Female,488-05-2505
760,Arlena,Giorgietto,agiorgiettol3@ucla.edu,Female,775-79-7511
764,Rafa,Danilchev,rdanilchevl7@imgur.com,Female,875-13-5401
766,Ailsun,Enderby,aenderbyl9@macromedia.com,Female,327-67-6848
768,Mavis,Stubley,mstubleylb@people.com.cn,Female,606-08-6117
769,Rozina,Scobie,rscobielc@phoca.cz,Female,826-18-4460
773,Sayre,Botha,sbothalg@ebay.co.uk,Female,347-75-2410
775,Corenda,Fuggles,cfugglesli@seattletimes.com,Female,637-07-1880
776,Renell,Growcott,,Female,235-99-7721
780,Katy,Byrd,,Female,726-51-1078
786,Sorcha,Klousner,sklousnerlt@marketwatch.com,Female,518-41-0114
789,Mellisent,Lorent,mlorentlw@sun.com,Female,162-35-3271
792,Lilah,Lambrook,llambrooklz@edublogs.org,Female,891-92-2832
794,Blake,Dripps,bdrippsm1@altervista.org,Female,275-31-6505
795,Lillis,Moneypenny,,Female,422-57-8731
797,Wendi,Scatchard,,Female,384-40-0129
800,Eimile,Ledstone,eledstonem7@who.int,Female,515-82-2982
801,Wini,de Zamora,wdezamoram8@jugem.jp,Female,296-55-4362
808,Suzi,Gallaway,,Female,801-79-3987
814,Stacie,MacChaell,smacchaellml@1und1.de,Female,296-26-1989
815,Jazmin,Foffano,jfoffanomm@pen.io,Female,473-36-3481
818,Leonora,Eykel,leykelmp@github.com,Female,137-53-6036
821,Bettina,Jeandel,bjeandelms@twitter.com,Female,527-21-5762
823,Cherye,Gerssam,cgerssammu@scribd.com,Female,634-87-8883
826,Riva,Lett,rlettmx@apple.com,Female,807-92-3746
833,Jesse,Duthie,jduthien4@so-net.ne.jp,Female,294-05-8082
835,Binni,Dufer,bdufern6@cornell.edu,Female,465-01-8355
841,Jordan,Nudd,jnuddnc@tuttocitta.it,Female,846-81-5973
845,Laryssa,Heaney,lheaneyng@i2i.jp,Female,499-06-8193
849,Alikee,Stonbridge,astonbridgenk@chron.com,Female,558-49-9223
856,Clarinda,McGow,cmcgownr@acquirethisname.com,Female,412-11-2022
861,Joannes,Barkley,jbarkleynw@admin.ch,Female,528-79-6737
863,Silva,Ruppelin,sruppelinny@github.io,Female,785-78-7106
864,Tamarah,Morgan,tmorgannz@liveinternet.ru,Female,340-19-2327
866,Nelli,Drennan,ndrennano1@hhs.gov,Female,799-08-4515
871,Angelica,Ellington,aellingtono6@fda.gov,Female,730-38-0320
872,Hedwiga,Vatini,hvatinio7@tmall.com,Female,502-10-0227
873,Hester,Cotte,hcotteo8@cmu.edu,Female,563-64-6452
875,Tommy,Hassur,,Female,166-07-1084
878,Helli,Starrs,hstarrsod@topsy.com,Female,875-62-6709
879,Ameline,Olsson,aolssonoe@wisc.edu,Female,813-38-3697
881,Melany,Crummay,,Female,197-77-7968
884,Rosita,Tingcomb,rtingcomboj@dot.gov,Female,587-70-1017
889,Bernete,Seabrook,bseabrookoo@state.tx.us,Female,439-40-6758
890,Gwen,Paolozzi,gpaolozziop@friendfeed.com,Female,680-88-1348
892,Nessi,Tattoo,ntattooor@apache.org,Female,348-14-2525
894,Torrie,Roydon,troydonot@blogspot.com,Female,488-52-5027
904,Gisela,Portch,,Female,897-59-9393
905,Ellie,Bourbon,ebourbonp4@purevolume.com,Female,577-93-6036
908,Anestassia,Ludye,aludyep7@google.ca,Female,472-02-9283
909,Amie,Sterling,,Female,463-42-7396
911,Gertie,Giacomelli,ggiacomellipa@slate.com,Female,568-53-2246
913,Aubree,Rowlson,arowlsonpc@cnet.com,Female,793-39-5676
914,Shayna,Stalf,sstalfpd@reverbnation.com,Female,136-22-8978
916,Hedy,Serrell,hserrellpf@si.edu,Female,619-94-4295
917,Queenie,Tilbrook,qtilbrookpg@google.fr,Female,602-02-6483
919,Pansie,Milmo,pmilmopi@vk.com,Female,549-74-3012
921,Ailis,Coye,acoyepk@lycos.com,Female,508-96-2259
923,Genevra,Averall,gaverallpm@china.com.cn,Female,167-51-5113
925,Sidonia,Mouser,smouserpo@mayoclinic.com,Female,326-67-6401
928,Maria,Gerckens,,Female,427-53-6619
930,Johnna,Bellon,jbellonpt@hostgator.com,Female,765-40-1555
938,Kerstin,Harsnep,kharsnepq1@istockphoto.com,Female,783-04-4110
939,Andeee,Barthelme,,Female,880-79-1340
943,Becki,Wallach,bwallachq6@studiopress.com,Female,636-29-1926
945,Leland,Van Ross,lvanrossq8@e-recht24.de,Female,728-16-7818
946,Justinn,McKinnon,jmckinnonq9@freewebs.com,Female,552-21-6525
948,Maible,Pilsworth,mpilsworthqb@engadget.com,Female,263-97-5267
950,Melamie,Blodgett,mblodgettqd@dropbox.com,Female,501-55-5435
953,Chad,Inglish,cinglishqg@pen.io,Female,596-45-8798
954,Jessamine,Cowlishaw,jcowlishawqh@webnode.com,Female,692-35-7162
955,Murial,Wiley,,Female,585-46-6308
958,Juditha,Klewi,,Female,208-02-3607
959,Honor,Sclater,hsclaterqm@latimes.com,Female,518-95-3635
961,Tybie,Lathe,,Female,310-79-9985
963,Ginger,Bourdel,,Female,262-55-8216
972,Krissy,Garrood,kgarroodqz@tmall.com,Female,657-93-9193
974,Maitilde,Lillicrap,mlillicrapr1@phpbb.com,Female,349-13-6857
975,Edythe,McIlraith,emcilraithr2@xing.com,Female,608-57-1496
976,Ardelle,Strutley,astrutleyr3@taobao.com,Female,766-57-3271
981,Tisha,Hugonnet,,Female,574-98-2775
982,Vonnie,Mousby,vmousbyr9@economist.com,Female,625-73-0239
983,Eve,Rainger,eraingerra@twitpic.com,Female,327-08-9161
984,Krystalle,Milham,kmilhamrb@blogtalkradio.com,Female,257-59-5938
987,Lorie,Fellnee,lfellneere@bbb.org,Female,124-41-3183
988,Shauna,Pockey,spockeyrf@phpbb.com,Female,385-42-1263
989,Simonette,Hawker,,Female,209-81-5083
990,Leshia,Parslow,,Female,781-82-2955
995,Katherina,Spellman,,Female,102-53-3580
997,Lilas,Conrath,lconrathro@discovery.com,Female,326-81-9912
